{
  "valA": {
    "base_macro_f1": 0.6609971189335544,
    "new_macro_f1": 0.6605856847161939,
    "delta": -0.00041143421736045127
  },
  "valB": {
    "base_macro_f1": 0.6583522515680095,
    "new_macro_f1": 0.6563214079314623,
    "delta": -0.0020308436365471527
  }
}