{
  "tier_a": "not_applicable",
  "tier_b": "fail",
  "tier_c": "not_applicable",
  "final": "reject",
  "base_macro_f1": 0.7113236414043568,
  "new_macro_f1": 0.7244965089801816,
  "delta": 0.0027948770831316416,
  "target_delta": 0.01317286757582481,
  "worst_class_drop": null,
  "half_split_stability": [
    {
      "direction": "A_to_B",
      "macro_f1": 0.7220995651039799,
      "accuracy": 0.7166456670866582,
      "advanced_macro_f1": 0.7087287637290434,
      "static_macro_f1": 0.7213146091318968,
      "delta_vs_advanced": 0.013370801374936514,
      "delta_vs_static": 0.0007849559720830568,
      "changes_vs_advanced": 640
    },
    {
      "direction": "B_to_A",
      "macro_f1": 0.7181706460482183,
      "accuracy": 0.7226770070371966,
      "advanced_macro_f1": 0.7136336390240811,
      "static_macro_f1": 0.7217174620428055,
      "delta_vs_advanced": 0.004537007024137285,
      "delta_vs_static": -0.0035468159945871713,
      "changes_vs_advanced": 735
    }
  ],
  "decision": "Reject: class thresholds overfit validation halves.",
  "static_macro_f1_full": 0.7217016318970499,
  "advanced_macro_f1_full": 0.7113236414043568,
  "full_thresholds": {
    "read_file": 0.0,
    "grep_search": 0.0,
    "list_directory": 0.0,
    "glob_pattern": 0.7,
    "edit_file": 0.9,
    "write_file": 0.9,
    "apply_patch": 0.6,
    "run_bash": 0.8,
    "run_tests": 1.1,
    "lint_or_typecheck": 1.1,
    "ask_user": 1.1,
    "plan_task": 0.6,
    "web_search": 1.1,
    "respond_only": 0.0
  }
}