variant,macro_f1,inspect4_f1,modify3_f1,execute3_f1,communicate4_f1,delta_macro_f1,delta_inspect4_f1,delta_execute3_f1,delta_communicate4_f1
base_v2_2,0.5142169397731741,0.35972321506052657,0.74629557961223,0.4555818554691782,0.5386279978345263,0.0,0.0,0.0,0.0
v23_open,0.5159508815839364,0.3616231798807173,0.7494063252111474,0.45735275203715625,0.5391355977268326,0.0017339418107623628,0.0018999648201907249,0.0017708965679780753,0.0005075998923063096
v23_meta,0.5141681613496895,0.3594608654840925,0.746753980119189,0.45454413235806496,0.5391541148818801,-4.8778423484607814e-05,-0.0002623495764340622,-0.0010377231111132201,0.0005261170473538357
v23_target_symbol,0.5128631619436923,0.3577944242568277,0.7444041182815311,0.4536872758585657,0.5386580969410225,-0.0013537778294817615,-0.0019287908036988433,-0.0018945796106124568,3.0099106496206396e-05
v23_all,0.5159249943072896,0.36160640884018397,0.7503592167745178,0.45485058823853947,0.5402237174755365,0.0017080545341154885,0.0018831937796573994,-0.0007312672306387102,0.0015957196410102403
