{
  "valA": {
    "base_macro_f1": 0.6609971189335544,
    "new_macro_f1": 0.6664805215165607,
    "delta": 0.0054834025830062805
  },
  "valB": {
    "base_macro_f1": 0.6583522515680095,
    "new_macro_f1": 0.6585472764851504,
    "delta": 0.00019502491714096237
  }
}