{
  "valA": {
    "base_macro_f1": 0.6609971189335544,
    "new_macro_f1": 0.6652814151069285,
    "delta": 0.004284296173374114
  },
  "valB": {
    "base_macro_f1": 0.6583522515680095,
    "new_macro_f1": 0.6620028553178253,
    "delta": 0.0036506037498158506
  }
}