level,argmax_macro_f1,argmax_accuracy,bias_tuned_macro_f1,bias_tuned_accuracy,bias_history_last
S0_raw_prompt,0.1334828757639586,0.22087142857142858,0.14765045153467726,0.18575714285714287,0.14765045153467726
S1_template_prompt,0.1420603763909671,0.22572857142857142,0.15469500633083103,0.18874285714285716,0.15469500633083103
S2_tpl_last1,0.07228866459859637,0.18727142857142856,0.09035105372487506,0.13814285714285715,0.09035105372487506
S3_tpl_last2,0.04825767362738948,0.1732142857142857,0.06862973639050289,0.12351428571428572,0.06862973639050289
S4_tpl_last2_result,0.045867529570378616,0.17181428571428572,0.06638378587416506,0.12202857142857143,0.06638378587416506
S5_tpl_last3_result_meta,0.021295064359819055,0.16027142857142856,0.04192953001692819,0.11048571428571428,0.04192953001692819
S6_tpl_last3_result_open_lang,0.02031165112717245,0.15981428571428571,0.04109637091835327,0.11,0.04109637091835327
