{
  "valA": {
    "base_macro_f1": 0.6609971189335544,
    "new_macro_f1": 0.6606689846044711,
    "delta": -0.0003281343290832961
  },
  "valB": {
    "base_macro_f1": 0.6583522515680095,
    "new_macro_f1": 0.656042242111368,
    "delta": -0.002310009456641504
  }
}