{
  "raw_macro_f1": 0.6868160098517185,
  "bias_macro_f1": 0.6899629980653883,
  "raw_accuracy": 0.7027506025804622,
  "bias_accuracy": 0.7047355735148164
}