bucket,n,top_action,purity,p_ask_user,rel_ask_user,p_plan_task,rel_plan_task,p_web_search,rel_web_search,p_respond_only,rel_respond_only,max_shift_action,max_rel_shift,max_abs_shift
t1,1936,plan_task,0.5790289256198347,0.32489669421487605,0.42312209894713015,0.5790289256198347,1.5571075845495572,0.05630165289256198,-0.4767440256308713,0.03977272727272727,-0.909124925383616,plan_task,1.5571075845495572,0.35258990947580626
t2_3,2000,ask_user,0.352,0.352,0.5418407997038134,0.312,0.37785442329227326,0.099,-0.07991437549096622,0.237,-0.4584884125144844,ask_user,0.5418407997038134,0.12370146226016396
t4_8,5485,respond_only,0.5615314494074749,0.1879671832269827,-0.17666059061146527,0.12415679124886053,-0.45169876921789137,0.12634457611668187,0.17422048706713525,0.5615314494074749,0.28302019658938493,plan_task,-0.45169876921789137,-0.10228222489516786
t9+,2410,respond_only,0.6419087136929461,0.13983402489626556,-0.3874948728072129,0.1049792531120332,-0.536390614569442,0.11327800829875519,0.05278249503737042,0.6419087136929461,0.4666709138086607,plan_task,-0.536390614569442,-0.1214597630319952
