bucket,n,top_action,purity,p_ask_user,rel_ask_user,p_plan_task,rel_plan_task,p_web_search,rel_web_search,p_respond_only,rel_respond_only,max_shift_action,max_rel_shift,max_abs_shift
last_comm,1289,plan_task,0.3964313421256788,0.1582622187742436,-0.30677515352903517,0.3964313421256788,0.7507201226908945,0.2009309542280838,0.8674109343852783,0.2443754848719938,-0.44163646938575546,web_search,0.8674109343852783,0.09333227279794264
last_work,5885,respond_only,0.5101104502973662,0.23058623619371282,0.010020644356836892,0.13542905692438403,-0.40191818870011664,0.12387425658453696,0.15126184575935328,0.5101104502973662,0.1655304630104557,plan_task,-0.40191818870011664,-0.09100995921964436
none,4657,respond_only,0.39961348507622935,0.24479278505475627,0.07224858940496906,0.29439553360532533,0.3001095774858545,0.06119819626368907,-0.43123655931209326,0.39961348507622935,-0.08693952453903646,web_search,-0.43123655931209326,-0.04640048516645209
