bucket,n,top_action,purity,p_ask_user,rel_ask_user,p_plan_task,rel_plan_task,p_web_search,rel_web_search,p_respond_only,rel_respond_only,max_shift_action,max_rel_shift,max_abs_shift
0,10719,respond_only,0.4641291165220636,0.21625151599962683,-0.052768720551060695,0.21737102341636347,-0.04004607016088232,0.10224834406194608,-0.04972493433080598,0.4641291165220636,0.06046959783169844,respond_only,0.06046959783169844,0.026465351836069184
1,1066,ask_user,0.3452157598499062,0.3452157598499062,0.5121242705606222,0.31050656660412757,0.3712591226179296,0.15478424015009382,0.4385328713399527,0.1894934333958724,-0.5670342196781448,respond_only,-0.5670342196781448,-0.24817033129012203
2+,46,plan_task,0.391304347826087,0.32608695652173914,0.4283357210694912,0.391304347826087,0.7280782900822826,0.2608695652173913,1.4244680487721573,0.021739130434782608,-0.9503291517624733,web_search,1.4244680487721573,0.15327088378725012
