bucket,n,top_action,purity,p_ask_user,rel_ask_user,p_plan_task,rel_plan_task,p_web_search,rel_web_search,p_respond_only,rel_respond_only,max_shift_action,max_rel_shift,max_abs_shift
failed,2856,ask_user,0.32177871148459386,0.32177871148459386,0.4094646188723547,0.29551820728291317,0.30506752906463075,0.1407563025210084,0.30816010614772216,0.2419467787114846,-0.44718572056091654,respond_only,-0.44718572056091654,-0.19571698597450984
none,3442,respond_only,0.41400348634514816,0.22603137710633353,-0.009930683989251376,0.24259151656013944,0.07133267354349004,0.11737361998837885,0.09084626715043997,0.41400348634514816,-0.05406040035738746,web_search,0.09084626715043997,0.009774938558237689
passed,5533,respond_only,0.5534068317368516,0.18145671425989518,-0.2051779391303888,0.1807337791433219,-0.20184347105463182,0.08440267485993132,-0.21557891102290072,0.5534068317368516,0.26445659062933385,respond_only,0.26445659062933385,0.11574306705085713
