bucket,n,top_action,purity,p_run_bash,rel_run_bash,p_run_tests,rel_run_tests,p_lint_or_typecheck,rel_lint_or_typecheck,max_shift_action,max_rel_shift,max_abs_shift
js,94,run_tests,0.46808510638297873,0.2553191489361702,-0.39988916690456605,0.46808510638297873,0.2225015977272622,0.2765957446808511,0.4431925145152423,lint_or_typecheck,0.4431925145152423,0.08494027120872213
none,4626,run_bash,0.7021184608733246,0.7021184608733246,0.6502831700716344,0.2008214440121055,-0.4755130363796973,0.09706009511456982,-0.4935699286006326,run_bash,0.6502831700716344,0.27666513649454694
other,4113,run_tests,0.5263797714563578,0.2591782154145393,-0.3908186854739558,0.5263797714563578,0.3747502384538774,0.21444201312910285,0.118893237141425,run_bash,-0.3908186854739558,-0.16627510896423842
py,1929,run_tests,0.5313634007257646,0.22965266977708657,-0.4602165346518044,0.5313634007257646,0.38776602268040083,0.23898392949714878,0.24694549635130808,run_bash,-0.4602165346518044,-0.19580065460169113
ts,594,run_tests,0.4057239057239057,0.22895622895622897,-0.4618534729031966,0.4057239057239057,0.05963235364682416,0.3653198653198653,0.9061280051205588,lint_or_typecheck,0.9061280051205588,0.17366439184773638
tsx,556,lint_or_typecheck,0.4460431654676259,0.2715827338129496,-0.36166268248226996,0.2823741007194245,-0.2625213137974601,0.4460431654676259,1.3273176465397982,lint_or_typecheck,1.3273176465397982,0.25438769199549693
