bucket,n,top_action,purity,p_run_bash,rel_run_bash,p_run_tests,rel_run_tests,p_lint_or_typecheck,rel_lint_or_typecheck,max_shift_action,max_rel_shift,max_abs_shift
failed,4190,run_tests,0.43221957040572795,0.3665871121718377,-0.13836115229066084,0.43221957040572795,0.12883129196953114,0.20119331742243438,0.04976557036182144,run_bash,-0.13836115229066084,-0.058866212206939994
none,2960,run_bash,0.5293918918918918,0.5293918918918918,0.24430075300241036,0.31554054054054054,-0.17590025895222122,0.15506756756756757,-0.19090457079944595,run_bash,0.24430075300241036,0.10393856751311414
passed,4762,run_bash,0.4126417471650567,0.4126417471650567,-0.03011276791038765,0.38135237295254093,-0.00401897245984044,0.20600587988240235,0.07487605832640247,lint_or_typecheck,0.07487605832640247,0.014350406410273409
