bucket,n,top_action,purity,p_run_bash,rel_run_bash,p_run_tests,rel_run_tests,p_lint_or_typecheck,rel_lint_or_typecheck,max_shift_action,max_rel_shift,max_abs_shift
lint_or_typecheck:fail,375,lint_or_typecheck,0.6293333333333333,0.104,-0.7555548539857933,0.26666666666666666,-0.3035445443250749,0.6293333333333333,2.2836700248211415,lint_or_typecheck,2.2836700248211415,0.43767785986120433
lint_or_typecheck:pass,678,lint_or_typecheck,0.47345132743362833,0.2079646017699115,-0.5111929091785348,0.3185840707964602,-0.16795144676004523,0.47345132743362833,1.470325103981332,lint_or_typecheck,1.470325103981332,0.2817958539614994
none,5874,run_bash,0.5045965270684372,0.5045965270684372,0.18602088209140163,0.33963227783452504,-0.11297967692066159,0.1557711950970378,-0.18723325624357676,lint_or_typecheck,-0.18723325624357676,-0.035884278375091144
run_bash:fail,623,run_bash,0.5585874799357945,0.5585874799357945,0.31292305860204894,0.29052969502407705,-0.24122128324341022,0.1508828250401284,-0.21273928520455124,run_bash,0.31292305860204894,0.1331341555570168
run_bash:pass,2315,run_bash,0.5377969762419006,0.5377969762419006,0.2640563498408682,0.3226781857451404,-0.15725881416441292,0.13952483801295895,-0.27200180884346603,lint_or_typecheck,-0.27200180884346603,-0.05213063545916999
run_tests:fail,850,run_tests,0.6694117647058824,0.13647058823529412,-0.6792348762709504,0.6694117647058824,0.7483080335839665,0.19411764705882353,0.012846873309113448,run_tests,0.7483080335839665,0.28652056255678904
run_tests:pass,1197,run_tests,0.6290726817042607,0.1796157059314954,-0.5778251205493344,0.6290726817042607,0.642954129458705,0.19131161236424393,-0.0017941627319869504,run_tests,0.642954129458705,0.24618147955516734
