bucket,n,top_action,purity,p_run_bash,rel_run_bash,p_run_tests,rel_run_tests,p_lint_or_typecheck,rel_lint_or_typecheck,max_shift_action,max_rel_shift,max_abs_shift
go,810,run_tests,0.5012345679012346,0.49876543209876545,0.17231527765597754,0.5012345679012346,0.3090783102037944,0.0,-1.0,lint_or_typecheck,-1.0,-0.19165547347212894
java,1510,run_tests,0.4370860927152318,0.371523178807947,-0.12675925296758786,0.4370860927152318,0.1415412270168475,0.1913907284768212,-0.0013813589067480311,run_tests,0.1415412270168475,0.054194890566138465
py,4472,run_bash,0.4145796064400716,0.4145796064400716,-0.02555795739657997,0.4080948121645796,0.06582446886745723,0.17732558139534885,-0.07476902077030419,lint_or_typecheck,-0.07476902077030419,-0.014329892076780093
rs,1553,run_tests,0.4230521571152608,0.3831294269156471,-0.09947953168524301,0.4230521571152608,0.10488868571738362,0.19381841596909208,0.011285576444951775,run_tests,0.10488868571738362,0.04016095496616745
ts,1125,run_tests,0.43377777777777776,0.3448888888888889,-0.189361396123827,0.43377777777777776,0.13290087456454483,0.22133333333333333,0.1548500511023507,run_bash,-0.189361396123827,-0.08056443548988879
tsx,861,run_bash,0.5412311265969802,0.5412311265969802,0.27212809392723536,0.0,-1.0,0.45876887340301975,1.3937165221098429,lint_or_typecheck,1.3937165221098429,0.2671133999308908
vue,1241,run_tests,0.42304593070104757,0.370668815471394,-0.12876737768444246,0.42304593070104757,0.10487242414182829,0.2062852538275584,0.07633374664646338,run_bash,-0.12876737768444246,-0.05478450890738368
yaml,340,run_bash,1.0,1.0,1.35043409629045,0.0,-1.0,0.0,-1.0,run_bash,1.35043409629045,0.5745466756212223
