bucket,n,top_action,purity,p_read_file,rel_read_file,p_grep_search,rel_grep_search,p_list_directory,rel_list_directory,p_glob_pattern,rel_glob_pattern,max_shift_action,max_rel_shift,max_abs_shift
0,25940,grep_search,0.3445643793369314,0.3223207401696222,0.0021643668102049084,0.3445643793369314,0.0005298593700120623,0.14903623747108713,-0.00911042113817755,0.1840786430223593,0.0026781800661515934,list_directory,-0.00911042113817755,-0.0013702665939535341
1,1898,grep_search,0.34141201264488935,0.31612223393045313,-0.017108119586658446,0.34141201264488935,-0.008623834953066463,0.16332982086406744,0.08592259277190777,0.1791359325605901,-0.02424481246046479,list_directory,0.08592259277190777,0.01292331679902678
2+,944,grep_search,0.3453389830508475,0.3135593220338983,-0.02507676279791924,0.3453389830508475,0.0027791172487381063,0.1620762711864407,0.07758818140174072,0.17902542372881355,-0.02484675515467231,list_directory,0.07758818140174072,0.011669767121400026
