bucket,n,top_action,purity,p_read_file,rel_read_file,p_grep_search,rel_grep_search,p_list_directory,rel_list_directory,p_glob_pattern,rel_glob_pattern,max_shift_action,max_rel_shift,max_abs_shift
0,14754,grep_search,0.32845330079978313,0.29605530703538024,-0.07950050263667335,0.32845330079978313,-0.04625273369457647,0.22468483123220823,0.4938504995438708,0.15080656093262845,-0.17855517850815444,list_directory,0.4938504995438708,0.07427832716716756
1,7272,read_file,0.4036028602860286,0.4036028602860286,0.2548879253270472,0.4027777777777778,0.169567191283293,0.09268426842684269,-0.3837748639728838,0.10093509350935094,-0.4502055523493303,glob_pattern,-0.4502055523493303,-0.08265187056541802
2,3381,read_file,0.34575569358178054,0.34575569358178054,0.07502866724325466,0.28305235137533274,-0.17808587799789882,0.05737947352854185,-0.6185040408642893,0.3138124815143449,0.7093396750465317,glob_pattern,0.7093396750465317,0.13022551743957592
3,1668,glob_pattern,0.38069544364508395,0.223621103117506,-0.3047139905014521,0.35311750599520386,0.025366026791157938,0.042565947242206234,-0.7169939723896559,0.38069544364508395,1.0736518279698724,glob_pattern,1.0736518279698724,0.197108479570315
4+,1707,glob_pattern,0.36848271821909784,0.24135910954891623,-0.24956272107195554,0.3462214411247803,0.005341557551798523,0.043936731107205626,-0.7078801120980382,0.36848271821909784,1.0071289923887345,glob_pattern,1.0071289923887345,0.18489575414432888
