bucket,n,top_action,purity,p_read_file,rel_read_file,p_grep_search,rel_grep_search,p_list_directory,rel_list_directory,p_glob_pattern,rel_glob_pattern,max_shift_action,max_rel_shift,max_abs_shift
0,13056,read_file,0.34849877450980393,0.34849877450980393,0.08355749464634088,0.23414522058823528,-0.3201001070449367,0.2607996323529412,0.7339651232114466,0.1565563725490196,-0.14723589804960596,list_directory,0.7339651232114466,0.11039312828790052
1,13931,grep_search,0.42624362931591414,0.3046443184265308,-0.0527954226042552,0.42624362931591414,0.2377062287097095,0.06022539659751633,-0.5995824982975941,0.20888665566003875,0.13780766903997635,list_directory,-0.5995824982975941,-0.09018110746752434
2+,1795,grep_search,0.5108635097493036,0.25793871866295265,-0.19801315755027507,0.5108635097493036,0.48342146263160374,0.04735376044568245,-0.6851614846043815,0.18384401114206128,0.0014001379051490498,list_directory,-0.6851614846043815,-0.1030527436193582
