bucket,n,top_action,purity,p_read_file,rel_read_file,p_grep_search,rel_grep_search,p_list_directory,rel_list_directory,p_glob_pattern,rel_glob_pattern,max_shift_action,max_rel_shift,max_abs_shift
identifier,3281,grep_search,0.35842730874733314,0.31270953977445903,-0.027718918246896342,0.35842730874733314,0.0407843826034849,0.14995428223102714,-0.003006664085603453,0.17890886924718075,-0.02548162856314231,grep_search,0.0407843826034849,0.014045403389818023
none,25223,grep_search,0.3421480394877691,0.3230781429647544,0.004519294675549512,0.3421480394877691,-0.006486594780370192,0.15085437893985648,0.00297776268120787,0.18391943860762003,0.0018109920523314612,grep_search,-0.006486594780370192,-0.002233865869745999
quoted_code,278,grep_search,0.381294964028777,0.2949640287769784,-0.0828935209831486,0.381294964028777,0.10718640583900922,0.11510791366906475,-0.2346879253354074,0.20863309352517986,0.13642651359608754,list_directory,-0.2346879253354074,-0.03529859039597591
